DATE,INDPRO,IPMANSICS,IPCONGD,IPMINE,IPDCONGD,IPBUSEQ,IPMAT,CPIAUCSL,FEDFUNDS
1980-01-01,0.81320,0.56697,-3.41931,5.70411,-10.78439,6.75015,0.73944,13.86861,13.82
1980-02-01,0.35787,0.14319,-2.43681,4.49270,-10.36752,6.13879,-0.29004,14.16185,14.13
1980-03-01,-0.37121,-1.19694,-3.59482,5.09758,-11.78447,4.43264,-0.53107,14.59227,17.19
1980-04-01,-1.17954,-1.55129,-3.30478,2.54756,-11.03746,5.58468,-2.26269,14.58924,17.61
1980-05-01,-4.44511,-5.76210,-6.03264,3.09889,-19.21177,0.96448,-5.65094,14.42577,10.98
1980-06-01,-5.69299,-7.36702,-6.23167,2.57716,-19.70155,-0.65556,-7.33866,14.26593,9.47
1980-07-01,-6.21280,-8.37033,-5.47905,1.81641,-18.73377,-1.59926,-8.50294,13.15068,9.03
1980-08-01,-5.29574,-6.58239,-4.06932,-2.24878,-14.32865,-0.61738,-7.69155,12.89009,9.61
1980-09-01,-3.70797,-5.11173,-3.64738,-0.09797,-13.39844,-1.00702,-5.20128,12.76882,10.87
1980-10-01,-3.15444,-3.91235,-3.26948,-1.77039,-11.43247,1.77188,-4.85189,12.63298,12.81
1980-11-01,-1.38126,-1.90809,-2.58405,-0.27174,-7.72790,3.54459,-2.48829,12.63158,15.85
1980-12-01,-0.79815,-1.76776,-2.59206,1.95697,-8.73325,3.25877,-1.32070,12.35371,18.90
1981-01-01,-1.94671,-2.68819,-2.24587,-1.16332,-7.35698,1.55756,-3.27976,11.79487,19.08
1981-02-01,-2.38553,-3.07935,-2.71670,1.18268,-6.89018,-0.12913,-3.32878,11.39241,15.93
1981-03-01,-1.47801,-1.94157,-2.02872,1.20347,-3.91411,1.74957,-2.59190,10.61174,14.70
1981-04-01,0.09148,0.64733,-0.14931,-3.00776,1.64864,3.97669,-1.47715,10.13597,15.72
1981-05-01,3.19060,4.19466,3.01746,-2.39394,10.36652,5.61277,2.00178,9.79192,18.52
1981-06-01,5.08433,5.38211,2.87792,2.19251,11.26879,6.48065,5.26438,9.69697,19.10
1981-07-01,6.52661,6.64230,3.60395,7.28134,12.02111,6.65548,7.53559,10.77482,19.04
1981-08-01,6.05337,5.88621,3.19967,9.64342,10.21906,6.68575,7.04552,10.81731,17.82
1981-09-01,3.81153,3.77346,1.49737,6.97892,2.94936,4.64567,4.14328,10.96544,15.87
1981-10-01,1.71744,0.91668,1.24091,6.59985,0.66550,2.42460,1.25778,10.27155,15.08
1981-11-01,-1.11212,-2.08377,0.60557,3.73614,-3.47804,-0.79734,-2.69696,9.57944,13.31
1981-12-01,-2.82576,-4.10686,-0.45755,1.53905,-6.39875,-2.60841,-4.95198,8.91204,12.37
1982-01-01,-4.21163,-6.08051,-2.28665,1.57490,-8.58417,-6.56748,-5.43218,8.25688,13.22
1982-02-01,-1.85278,-2.90640,0.66285,1.43242,-4.90965,-2.05502,-4.13481,7.61364,14.78
1982-03-01,-3.00683,-3.91120,0.16885,-0.30461,-6.54494,-4.14792,-5.31126,6.88488,14.68
1982-04-01,-3.49603,-5.18189,-0.18494,3.04525,-5.97509,-6.69264,-5.25505,6.62177,14.94
1982-05-01,-4.67788,-5.82157,-1.10129,0.78240,-7.46152,-7.29127,-6.81833,6.91193,14.45
1982-06-01,-5.41665,-5.45800,0.29052,-4.71845,-5.94097,-8.60685,-8.37720,7.18232,14.15
1982-07-01,-6.34589,-5.76187,-0.17513,-8.99679,-5.91692,-9.01133,-9.57979,6.55738,12.59
1982-08-01,-7.07904,-6.58895,-0.43990,-9.98267,-6.64163,-11.16515,-10.36948,5.96529,10.12
1982-09-01,-6.87339,-6.42114,0.21816,-10.31621,-5.76737,-11.62102,-10.10241,4.94092,10.31
1982-10-01,-7.04428,-6.63692,-0.21454,-10.03647,-6.59066,-13.40431,-9.93726,5.03212,9.71
1982-11-01,-6.24928,-5.95229,-0.20064,-9.48531,-4.97873,-12.28451,-8.67580,4.47761,9.20
1982-12-01,-5.89717,-4.64664,-0.45546,-10.52740,-0.69614,-10.05934,-8.27693,3.82572,8.95
1983-01-01,-2.14788,0.03618,3.60851,-8.57256,6.61317,-6.27573,-4.59606,3.70763,8.68
1983-02-01,-4.69128,-2.80543,-0.50256,-11.32613,2.42562,-9.88133,-5.97394,3.48469,8.51
1983-03-01,-3.24606,-1.18901,0.48187,-11.72420,4.33329,-7.86159,-4.52686,3.59029,8.77
1983-04-01,-1.10836,0.81084,2.63273,-8.91161,4.70310,-6.21877,-2.13841,4.00000,8.80
1983-05-01,0.16459,2.17795,2.90008,-7.83468,6.73720,-4.47102,-0.30772,3.44108,8.63
1983-06-01,1.03396,3.06139,2.57712,-6.28982,7.86398,-2.01741,0.69295,2.47423,8.98
1983-07-01,2.88647,4.65133,3.65737,-4.32883,9.79389,0.25495,3.04898,2.35897,9.37
1983-08-01,5.06027,6.52279,4.87740,-2.73087,13.52750,3.89739,5.62335,2.45650,9.56
1983-09-01,6.85951,8.65769,6.22258,-1.12226,17.15760,7.17150,7.51714,2.76356,9.45
1983-10-01,8.72660,11.17109,5.57586,0.21524,20.40991,10.94641,10.25574,2.75229,9.48
1983-11-01,9.56028,12.33997,5.94137,0.49167,20.56605,12.57158,11.28337,3.16327,9.34
1983-12-01,10.89281,12.96968,7.44585,0.57837,23.41688,12.48027,12.76480,3.78710,9.47
1984-01-01,11.03691,12.40154,7.25785,4.29335,21.02163,14.84919,12.57075,4.29009,9.56
1984-02-01,12.22423,13.70028,8.40849,5.22214,21.84611,16.24041,13.53179,4.69388,9.59
1984-03-01,11.83088,13.15834,8.35654,5.79413,20.36033,16.15915,13.02131,4.89297,9.91
1984-04-01,11.09430,12.33266,6.43714,6.76910,17.48834,16.89926,12.38889,4.55466,10.29
1984-05-01,11.00252,11.38313,5.72064,8.85984,14.24571,16.09317,12.44223,4.33468,10.32
1984-06-01,10.73355,11.03034,5.31704,8.99939,12.60774,16.49094,11.89152,4.32596,11.06
1984-07-01,9.41216,9.92255,3.91387,10.16485,11.13043,15.76187,10.45350,4.30862,11.23
1984-08-01,8.25967,9.20941,2.48982,8.03581,9.76292,15.75669,8.79943,4.29570,11.64
1984-09-01,6.41155,6.86074,0.88517,8.02753,6.33540,12.87700,6.83818,4.28287,11.30
1984-10-01,5.54902,6.34329,2.37543,3.45727,4.09448,12.50875,4.58553,4.26587,9.99
1984-11-01,5.42913,6.07341,2.50612,3.53272,5.57093,12.22468,4.35904,4.15430,9.43
1984-12-01,4.96124,6.06207,2.85261,4.85267,4.29436,11.78565,3.60704,4.04339,8.38
1985-01-01,2.86405,3.99857,0.25960,-2.19458,0.75397,9.22604,1.82838,3.52595,8.35
1985-02-01,2.70148,2.47552,1.04087,0.73739,-0.54663,7.54832,1.55578,3.60624,8.50
1985-03-01,2.36343,2.80989,0.58403,1.74007,0.30280,7.66305,0.88831,3.79009,8.58
1985-04-01,1.52982,1.92730,-0.23414,-0.47754,-0.93637,5.77032,0.17847,3.58180,8.27
1985-05-01,1.16281,1.84380,0.31236,-1.75882,0.00302,5.53354,-0.46307,3.57488,7.97
1985-06-01,0.74299,1.39762,0.66039,-2.04241,-0.58962,4.57328,-0.99383,3.66442,7.53
1985-07-01,-0.04076,0.58841,0.38369,-5.32596,-1.48346,2.68310,-1.85255,3.45821,7.88
1985-08-01,0.16176,0.86050,1.33049,-4.49392,-1.08441,1.80507,-1.65832,3.35249,7.90
1985-09-01,0.81866,1.27183,2.15921,-4.01041,0.18455,1.37241,-0.63058,3.24737,7.92
1985-10-01,0.50674,0.49572,1.12167,-1.41956,0.44228,0.40616,-0.40599,3.23501,7.99
1985-11-01,0.51954,0.90460,1.40117,-2.69933,1.38331,0.48040,-0.60276,3.51377,8.05
1985-12-01,1.46584,0.98602,1.86029,-0.82877,0.38328,-0.33552,1.11126,3.79147,8.27
1986-01-01,2.05091,2.37173,3.65263,1.23892,4.06083,0.08932,0.94205,3.97351,8.14
1986-02-01,1.05381,2.20051,2.18162,-1.97701,4.32627,-0.25683,0.31425,3.19849,7.86
1986-03-01,0.19263,1.05977,1.87986,-4.82997,3.12709,-1.42159,-0.60647,2.15356,7.48
1986-04-01,0.52757,1.91099,3.15717,-7.78317,4.53141,-1.15467,-0.73950,1.58879,6.99
1986-05-01,0.54860,1.83181,3.50901,-8.48047,4.63313,-1.59414,-0.79689,1.67910,6.85
1986-06-01,0.21020,1.36962,3.15786,-9.82592,6.11083,-2.71929,-1.02440,1.76744,6.92
1986-07-01,1.34193,2.33856,4.11698,-8.63093,7.29390,-1.59061,0.26330,1.67131,6.56
1986-08-01,0.84322,2.09268,3.56544,-9.30790,6.59578,-1.75801,-0.30728,1.57553,6.17
1986-09-01,0.74615,2.33125,3.23816,-11.05030,7.69902,-1.23931,-0.41945,1.75763,5.89
1986-10-01,1.53068,2.93695,3.78625,-9.87475,8.29084,-1.36557,0.75105,1.56682,5.85
1986-11-01,1.57629,2.62478,3.88535,-7.65584,7.18193,-2.26804,1.05638,1.28440,6.04
1986-12-01,1.54005,3.28179,4.00004,-9.45778,9.06448,-0.97552,0.48342,1.18721,6.91
1987-01-01,0.62144,1.70499,1.67638,-8.41864,5.61176,-1.12689,0.12298,1.36488,6.43
1987-02-01,2.66705,3.81169,3.92965,-7.05801,8.27601,2.18811,1.75109,1.91431,6.10
1987-03-01,3.53691,4.24444,4.55037,-4.92320,7.88054,2.15943,3.03788,2.84143,6.13
1987-04-01,4.09575,4.37799,3.72860,-0.89864,7.32795,3.70948,4.22744,3.67985,6.37
1987-05-01,4.54670,4.95370,3.96774,-0.60413,7.94297,4.75871,4.63756,3.66972,6.85
1987-06-01,5.51600,5.83948,4.25311,1.70690,5.69606,6.52539,5.98948,3.74771,6.73
1987-07-01,5.57417,6.06509,4.32852,2.49085,4.21331,6.66254,5.92669,3.92694,6.58
1987-08-01,6.54736,6.37677,4.94501,5.71410,4.77703,8.22729,7.19755,4.28832,6.73
1987-09-01,6.67304,6.83332,4.50862,6.98554,4.84642,9.65210,7.23399,4.27273,7.22
1987-10-01,7.64873,7.96187,5.86807,7.20972,8.14050,12.17517,7.97392,4.35572,7.29
1987-11-01,7.75788,8.15837,5.18302,6.54618,6.48461,12.91531,8.51415,4.52899,6.69
1987-12-01,7.32425,7.81036,4.35473,6.63881,3.69315,12.97043,8.22272,4.33213,6.77
1988-01-01,7.71176,7.94971,5.89702,4.25767,3.98944,12.99487,8.05697,4.12926,6.83
1988-02-01,6.82955,6.69616,4.98317,4.53100,2.03953,11.36703,7.25672,3.93560,6.58
1988-03-01,6.92017,6.89456,4.59145,5.78836,3.22709,12.71176,7.47302,3.83244,6.58
1988-04-01,6.86019,7.21353,5.57598,4.56051,6.24300,13.02695,7.11315,3.99290,6.87
1988-05-01,5.98150,6.18502,4.18424,5.71197,5.40254,12.54786,6.60908,3.98230,7.09
1988-06-01,5.72392,5.96021,3.92144,4.52336,6.91777,12.75270,6.29966,3.96476,7.51
1988-07-01,5.02884,5.07275,3.14774,3.83106,4.74573,10.82763,5.73965,4.13005,7.75
1988-08-01,4.76956,4.66675,3.30308,1.81211,4.47055,9.73854,5.48916,4.11199,8.01
1988-09-01,4.02266,4.25347,2.91454,0.11415,5.39058,9.12382,4.55070,4.18483,8.19
1988-10-01,3.09544,3.22423,1.98190,-0.55332,3.19572,7.63534,3.47867,4.26087,8.30
1988-11-01,2.84904,3.04634,2.15762,-1.11063,4.63233,7.20197,2.86100,4.24610,8.35
1988-12-01,2.75261,2.87303,2.44831,-1.35755,6.67868,6.38274,2.78707,4.41176,8.76
1989-01-01,3.08196,3.92717,2.12452,-0.20655,9.67600,7.29104,3.44307,4.48276,9.12
1989-02-01,2.11080,2.58895,1.67583,-2.36350,8.67788,5.99542,2.21954,4.64716,9.36
1989-03-01,2.14931,2.24395,2.00851,-2.33210,6.29760,4.34281,2.28868,4.89270,9.85
1989-04-01,1.50700,1.47020,0.93819,0.04151,4.65221,4.68603,1.40462,5.03413,9.84
1989-05-01,1.15243,0.97519,0.60659,-0.44140,2.56891,2.88478,1.17339,5.27660,9.81
1989-06-01,0.85708,0.91154,0.61826,-1.53499,0.87903,3.39159,0.27740,5.16949,9.53
1989-07-01,-0.13307,-0.21603,-1.55318,-1.75239,-0.32547,2.92487,-0.26146,5.06329,9.24
1989-08-01,0.33769,0.56557,-0.48745,-1.00199,2.76857,3.93964,-0.12957,4.62185,8.99
1989-09-01,0.32785,0.01596,-0.21792,0.24252,0.83427,2.50361,-0.10110,4.43515,9.02
1989-10-01,-0.23948,-0.65773,-0.77416,-0.74226,-1.95841,0.43224,-0.15376,4.58716,8.84
1989-11-01,-0.15688,-0.80286,-0.55671,-0.01515,-2.47445,0.87505,-0.20257,4.65503,8.55
1989-12-01,-0.04243,-1.24465,0.52167,-2.67260,-2.58042,1.90102,-0.81984,4.63960,8.45
1990-01-01,-0.85655,-2.06364,-1.64978,2.20739,-9.94967,0.00931,-1.27532,5.19802,8.23
1990-02-01,0.49037,0.23333,-0.45600,3.19142,-3.47018,2.17841,0.32972,5.26316,8.24
1990-03-01,0.71039,0.81172,-0.00274,1.53680,-0.20917,4.41413,0.08934,5.23732,8.28
1990-04-01,0.51944,0.27413,-0.18699,-0.03839,-3.17186,2.28915,0.38192,4.71162,8.26
1990-05-01,1.37500,1.34601,0.61638,-0.48712,-0.32688,5.12809,0.94049,4.36540,8.18
1990-06-01,1.72196,1.52302,1.68735,0.53670,2.28216,3.85652,1.52860,4.67365,8.29
1990-07-01,2.54364,2.51575,3.10445,1.73125,2.69298,5.72003,1.96657,4.81928,8.15
1990-08-01,1.92219,1.93739,1.66628,0.32648,-1.17438,4.84034,1.89434,5.70281,8.13
1990-09-01,2.28451,2.00095,2.71770,0.91214,-0.77503,5.24697,2.08644,6.16987,8.20
1990-10-01,1.78481,1.58247,1.10178,2.71939,-2.25378,6.52725,1.47315,6.37959,8.11
1990-11-01,0.17757,0.14646,-0.46329,1.23476,-8.21988,3.27641,-0.08407,6.19539,7.81
1990-12-01,-1.08185,-0.67178,-2.78375,2.48754,-10.73549,0.96772,-0.69144,6.25495,7.31
1991-01-01,-0.89397,-1.24241,-0.20539,-2.18458,-5.42562,1.61316,-1.02226,5.64706,6.91
1991-02-01,-2.50245,-3.25325,-2.35941,0.21323,-12.99066,-0.83854,-2.46744,5.31250,6.25
1991-03-01,-3.51135,-4.45629,-2.92684,-0.01004,-14.16080,-2.61765,-3.40734,4.82115,6.12
1991-04-01,-3.04517,-3.66166,-2.52899,-1.45075,-10.23420,-2.03151,-2.97274,4.80993,5.91
1991-05-01,-2.36123,-3.29119,-0.75186,-1.60643,-9.45204,-2.76124,-2.32117,5.03486,5.78
1991-06-01,-1.90684,-2.70743,-0.62356,-1.12240,-8.40818,-1.83110,-1.93140,4.69592,5.90
1991-07-01,-1.47406,-1.96830,-0.00811,-2.77705,-3.96207,-1.68166,-1.12970,4.36782,5.82
1991-08-01,-1.81564,-2.20185,-0.34893,-2.52026,-5.25770,-2.67110,-1.77287,3.79939,5.66
1991-09-01,-1.02888,-1.03762,0.42179,-2.95302,-1.67421,-1.26851,-1.02954,3.39623,5.45
1991-10-01,-0.52082,-0.48622,1.56956,-4.04364,1.19463,-1.73395,-0.41393,2.84858,5.21
1991-11-01,0.60258,0.50462,2.89397,-4.16585,7.34045,0.63740,0.39930,3.06657,4.81
1991-12-01,0.84437,1.03146,2.35910,-2.11905,8.26173,1.33673,1.08400,2.98063,4.43
1992-01-01,0.65172,1.10427,0.89651,-2.35220,3.43217,-0.10555,1.52525,2.67261,4.03
1992-02-01,2.11169,2.73086,2.91597,-5.06086,10.46567,2.70049,2.53121,2.81899,4.06
1992-03-01,3.55406,4.58627,3.78564,-3.73936,12.19386,4.01767,4.23627,3.18991,3.98
1992-04-01,4.08172,4.70532,4.76419,-1.61901,11.81522,4.99296,4.52489,3.18283,3.73
1992-05-01,3.38707,4.60002,3.64771,-1.56772,13.36050,5.12219,3.59364,3.02360,3.82
1992-06-01,2.61732,3.98703,1.89535,-2.82150,8.98693,4.26723,3.48390,3.01471,3.76
1992-07-01,3.26425,4.37271,3.49588,-0.49812,9.96992,4.70367,3.41042,3.15712,3.25
1992-08-01,2.67508,3.72129,3.52268,-1.98843,10.60592,4.64246,2.33774,3.07467,3.30
1992-09-01,2.16351,2.83746,1.61341,-1.45747,5.87828,3.60006,2.62426,2.99270,3.22
1992-10-01,2.96919,3.53465,3.21312,-0.82642,8.63201,4.69503,2.98381,3.27988,3.10
1992-11-01,3.50044,4.13083,3.22297,-0.11467,9.23292,5.49451,4.01562,3.12046,3.09
1992-12-01,4.13212,4.34822,4.59961,-0.29083,11.33662,6.63652,3.98032,2.96671,2.92
1993-01-01,5.09285,5.91470,6.18055,-0.55726,18.05856,8.85676,4.47940,3.25380,3.02
1993-02-01,4.85633,5.28628,5.23262,0.21581,12.78885,6.80459,4.80456,3.24675,3.03
1993-03-01,3.87955,4.01068,4.35310,-0.77851,11.16470,5.82563,3.59731,3.01941,3.07
1993-04-01,3.37318,3.92780,3.45716,-1.75547,9.65476,5.51818,3.20301,3.15638,2.96
1993-05-01,2.65149,3.20414,2.05755,-1.48940,6.45511,4.82002,2.76697,3.22119,3.00
1993-06-01,2.82637,2.75165,2.76529,0.55041,6.99862,3.80967,2.88382,2.99786,3.04
1993-07-01,2.16428,2.04425,2.25612,-1.82853,4.09815,2.77964,2.01692,2.84698,3.06
1993-08-01,2.62211,2.33360,2.10073,-0.09235,3.90858,2.32548,3.27692,2.84091,3.03
1993-09-01,2.81756,2.88674,2.84441,0.09079,6.45097,3.62042,2.82831,2.76400,3.09
1993-10-01,2.88232,3.15455,2.00192,0.90328,6.86523,5.45006,3.06632,2.75229,2.99
1993-11-01,2.96719,3.27572,1.98539,0.97727,6.92584,5.27814,3.26719,2.74455,3.02
1993-12-01,3.40771,3.96516,2.23687,1.01356,6.40845,4.98382,4.10204,2.81096,2.96
1994-01-01,3.32067,3.09180,2.32334,0.44052,6.48193,5.10441,3.85026,2.45098,3.05
1994-02-01,2.88897,2.95435,2.41266,1.62705,6.78776,3.99187,3.46580,2.51572,3.25
1994-03-01,4.02034,4.49775,3.22969,3.64405,7.17358,4.88032,4.86774,2.65178,3.34
1994-04-01,4.34855,4.92908,3.48126,2.62666,8.05269,4.90013,5.23439,2.36439,3.56
1994-05-01,5.22588,5.65715,4.78806,2.92090,8.25429,5.05425,6.31028,2.28849,4.01
1994-06-01,5.69290,6.09835,5.34944,1.78689,10.22980,6.42854,6.53338,2.49480,4.25
1994-07-01,5.55562,6.26120,3.97877,2.86918,10.66016,7.62712,6.97423,2.69896,4.26
1994-08-01,6.37449,7.42117,5.45851,2.74059,13.72830,9.03572,7.58932,2.90055,4.47
1994-09-01,6.14701,7.10021,4.53117,1.37931,11.74176,8.23834,7.78178,2.96552,4.73
1994-10-01,6.21684,7.20655,5.05267,-0.22776,10.34137,7.80478,7.57574,2.60989,4.76
1994-11-01,6.43679,7.56864,4.99485,0.61077,9.22076,8.57139,7.79287,2.60274,5.29
1994-12-01,6.87301,8.07050,5.53026,1.31875,9.67350,8.92629,8.35696,2.59740,5.45
1995-01-01,6.74724,8.14982,4.63719,1.95233,8.50890,9.07333,8.51376,2.87081,5.53
1995-02-01,6.54757,7.73353,4.65732,1.00785,8.02366,10.13367,7.89101,2.86299,5.92
1995-03-01,5.64574,6.62844,3.72229,-1.66850,6.79274,9.99274,6.87103,2.78722,5.98
1995-04-01,4.83729,5.33723,2.88614,-0.41216,5.07521,9.09551,6.18967,3.12500,6.05
1995-05-01,4.85826,5.12807,2.69919,-0.47353,3.95149,10.17706,5.92403,3.11864,6.01
1995-06-01,4.49807,5.29497,2.37569,-0.43436,3.57453,10.93427,5.15525,3.04260,6.00
1995-07-01,3.93079,4.19850,2.30247,0.30856,1.09952,9.11871,4.36155,2.83019,5.85
1995-08-01,4.60209,4.49701,2.54077,-0.94084,2.54492,10.82367,4.87699,2.61745,5.74
1995-09-01,4.69900,5.00651,3.33740,0.82594,3.28805,10.80631,4.73389,2.54521,5.80
1995-10-01,3.68223,3.89923,1.36870,-0.19181,0.83146,8.82037,4.34347,2.74431,5.76
1995-11-01,3.24895,3.14300,1.62011,0.03888,1.02981,7.86015,3.61833,2.60347,5.80
1995-12-01,2.58199,2.37194,1.12527,-1.31169,0.67987,7.63624,2.71498,2.53165,5.60
1996-01-01,1.83502,1.54594,0.18474,-2.38283,-2.41345,5.85744,2.39671,2.79070,5.56
1996-02-01,3.43502,3.26542,1.47522,-0.62210,0.72535,8.42185,3.89866,2.71703,5.22
1996-03-01,3.13484,2.75820,0.90690,2.03786,-2.23960,7.13100,3.73973,2.84392,5.31
1996-04-01,4.35015,4.37316,2.29962,2.23753,2.62717,9.94668,4.64396,2.83267,5.22
1996-05-01,4.63568,4.81786,2.12253,1.57436,3.91133,10.03740,5.14666,2.82709,5.24
1996-06-01,5.07425,5.30086,2.42005,3.25140,5.48246,10.26399,5.85987,2.82152,5.27
1996-07-01,5.51619,6.47868,2.44530,2.02021,8.12423,12.22797,6.27806,2.88336,5.40
1996-08-01,4.67499,5.72757,0.58311,3.49296,3.63585,10.63782,5.96861,2.81230,5.22
1996-09-01,4.92180,5.61154,1.42076,2.40284,3.68821,10.83232,5.95633,3.00457,5.30
1996-10-01,5.07641,5.63362,1.79706,3.29109,2.60120,10.68262,5.98479,3.06189,5.24
1996-11-01,5.74872,6.47618,2.65819,1.87110,3.96073,11.91972,6.43392,3.25309,5.31
1996-12-01,6.04875,7.02923,2.56267,2.34487,4.82696,13.05209,6.81301,3.37882,5.29
1997-01-01,6.81028,7.86827,3.49488,3.54845,6.96323,14.89444,7.20920,3.03814,5.25
1997-02-01,6.52643,7.78610,2.52449,3.89594,5.98000,13.96346,7.33751,3.03226,5.19
1997-03-01,7.35315,9.06670,3.89742,2.84989,10.85516,15.93277,7.87103,2.76527,5.39
1997-04-01,6.37812,7.65815,1.94954,1.31436,3.26718,14.10421,7.27897,2.43434,5.51
1997-05-01,6.16915,7.56012,2.53863,2.97223,3.88997,13.84886,6.75164,2.23785,5.50
1997-06-01,5.87017,7.24597,1.72401,0.78109,3.74973,14.00624,6.66549,2.23357,5.56
1997-07-01,6.75672,7.59927,3.22407,1.25737,3.45914,13.26562,7.67835,2.16561,5.52
1997-08-01,7.29556,8.44217,4.48691,1.13999,6.93028,15.22529,7.80703,2.29008,5.54
1997-09-01,7.61181,8.59215,4.21289,1.66404,6.58790,14.90401,8.56657,2.21940,5.54
1997-10-01,8.59390,9.70453,6.43493,1.17926,10.37288,16.79243,8.68990,2.08597,5.50
1997-11-01,8.49146,9.80733,5.40156,0.96926,11.54427,17.12878,9.17126,1.89036,5.52
1997-12-01,8.27996,9.43757,4.84041,1.31087,9.68255,15.83717,9.14278,1.69705,5.50
1998-01-01,8.56999,10.12373,5.56266,4.41426,10.86770,16.70870,9.06427,1.63112,5.56
1998-02-01,7.49896,8.82026,4.84101,1.05761,8.86308,15.36032,7.70639,1.44020,5.51
1998-03-01,6.87065,7.61631,4.17120,-0.70466,7.74283,14.25533,7.16010,1.37672,5.49
1998-04-01,7.15214,8.20147,5.91704,0.82979,10.86950,13.52564,6.94256,1.43840,5.45
1998-05-01,7.24805,8.01216,5.49472,-0.14709,10.55245,12.99608,7.32359,1.68856,5.49
1998-06-01,6.12027,6.53927,4.47952,-1.65295,3.41068,11.31770,5.86186,1.62297,5.56
1998-07-01,4.81927,5.28237,2.57303,-2.81688,-0.80792,9.96332,4.40937,1.74564,5.54
1998-08-01,5.90422,6.52771,4.56288,-2.46930,8.42652,10.84905,5.40552,1.61692,5.55
1998-09-01,4.83905,5.44928,3.07924,-6.18227,7.69305,9.99206,4.47238,1.42680,5.51
1998-10-01,4.62197,5.37796,1.83514,-4.38645,8.14074,9.67606,4.99465,1.48607,5.07
1998-11-01,3.69724,4.50236,0.92341,-3.53135,5.26076,7.77876,3.98680,1.48423,4.83
1998-12-01,3.67314,4.56229,1.28362,-6.23440,6.30883,7.28300,4.09358,1.60692,4.68
1999-01-01,3.64096,4.03671,1.85784,-8.80692,5.84929,5.86976,4.03989,1.66667,4.63
1999-02-01,4.05591,4.75779,2.41302,-8.20861,6.90721,6.23722,4.67673,1.66667,4.76
1999-03-01,4.23336,4.91710,2.12213,-7.56523,6.37251,5.68647,5.47803,1.72840,4.81
1999-04-01,4.10509,4.79835,1.33068,-8.46124,7.12953,6.00876,5.71016,2.28113,4.74
1999-05-01,4.06355,5.06051,1.85699,-8.69699,7.29526,6.43115,5.46595,2.09102,4.74
1999-06-01,4.61663,5.59343,1.96271,-6.40620,11.91386,6.01676,6.83920,1.96560,4.76
1999-07-01,5.64981,6.48197,2.51043,-4.39524,16.96226,7.41179,8.67369,2.14461,4.99
1999-08-01,3.97193,4.60780,0.96442,-4.65583,7.12159,4.93672,6.56037,2.26438,5.07
1999-09-01,3.63723,4.29857,0.83229,-1.71757,5.42474,4.40973,6.09442,2.62997,5.22
1999-10-01,4.24975,4.92660,2.45334,-1.70608,7.02128,4.06181,6.43180,2.56254,5.20
1999-11-01,4.90259,5.50503,3.11529,-0.96314,6.52424,4.16852,7.41932,2.62035,5.42
1999-12-01,5.31524,5.65038,4.19347,2.21679,5.83892,4.85368,7.25209,2.67640,5.30
2000-01-01,4.80243,5.39266,1.78911,1.03736,7.73851,6.43019,7.24498,2.79296,5.45
2000-02-01,4.55794,4.72587,2.12415,2.34696,6.44532,6.33697,6.62753,3.21797,5.73
2000-03-01,4.74392,5.41504,1.96767,4.19534,6.36511,7.82141,6.55491,3.76214,5.85
2000-04-01,5.17284,5.71586,2.96706,3.29134,6.68320,8.49020,6.49048,3.01386,6.02
2000-05-01,4.83529,4.89231,2.24357,2.96258,5.27746,8.27811,6.45860,3.13253,6.27
2000-06-01,4.97966,5.32461,3.29865,3.23825,5.41584,8.74652,6.02533,3.73494,6.53
2000-07-01,4.18304,4.98063,3.23946,2.22274,3.55485,8.67036,4.27463,3.59928,6.54
2000-08-01,3.45282,3.64066,1.45076,2.80517,1.00901,7.43879,4.31190,3.35129,6.50
2000-09-01,4.32209,4.57423,3.24378,2.47435,2.83058,9.00181,4.81399,3.45650,6.52
2000-10-01,2.62443,2.66304,0.17474,2.13546,-1.58399,8.17084,3.44615,3.45033,6.51
2000-11-01,2.10197,1.68163,0.53726,0.29812,-2.85940,7.80130,2.12544,3.44418,6.51
2000-12-01,0.94809,0.35382,-0.01232,-1.03987,-4.48099,6.07375,0.82977,3.43602,6.40
2001-01-01,0.52686,-0.06342,0.48487,0.50513,-7.74360,4.61545,-0.26558,3.72120,5.98
2001-02-01,-0.47904,-0.98003,-0.90635,1.18882,-7.76849,3.19984,-0.87217,3.52941,5.49
2001-03-01,-1.11258,-1.84910,-0.56107,0.34974,-5.29683,1.11032,-1.80697,2.98246,5.31
2001-04-01,-2.08005,-2.84939,-1.06688,1.85476,-6.39891,-2.34526,-2.44542,3.21826,4.8
2001-05-01,-2.87729,-3.39401,-1.23998,2.25668,-5.30856,-4.72019,-3.54521,3.56308,4.21
2001-06-01,-3.46305,-4.12007,-1.27748,0.58284,-5.43093,-6.00132,-4.53558,3.19396,3.97
2001-07-01,-3.88001,-4.67977,-1.38964,0.28740,-3.76295,-7.51399,-4.87615,2.72148,3.77
2001-08-01,-3.70878,-4.44453,-0.69179,-0.39981,-4.12516,-8.76629,-4.53233,2.72148,3.65
2001-09-01,-4.63290,-5.29785,-2.16395,0.11235,-5.24538,-11.10738,-5.17454,2.59217,3.07
2001-10-01,-4.57135,-5.32385,-0.59690,-1.04689,-4.95531,-12.37190,-5.48340,2.12766,2.49
2001-11-01,-5.15258,-5.42645,-1.04884,-1.06302,-1.34616,-12.92505,-5.99292,1.89437,2.09
2001-12-01,-4.86639,-4.65969,-1.01462,-1.59571,2.47360,-13.16422,-5.63837,1.60367,1.82
2002-01-01,-3.72986,-3.64688,0.83402,-2.66701,4.73274,-13.41489,-3.79144,1.19590,1.73
2002-02-01,-3.09722,-3.00614,0.81383,-4.30639,5.44314,-13.09204,-2.82245,1.13636,1.74
2002-03-01,-2.12171,-2.10192,1.68880,-5.68054,4.02611,-12.15989,-1.73636,1.36286,1.73
2002-04-01,-1.30893,-1.43205,1.24520,-5.81641,5.40804,-10.47091,-0.32588,1.64399,1.75
2002-05-01,-0.36107,-0.37409,1.58263,-4.99960,5.07826,-8.60200,0.77747,1.24083,1.75
2002-06-01,0.99408,1.17375,2.58948,-4.02526,6.78324,-6.86232,2.50980,1.06922,1.75
2002-07-01,1.57830,1.57761,3.20709,-4.31410,7.77700,-6.18507,3.36317,1.46561,1.73
2002-08-01,1.56297,2.10177,2.29757,-3.87243,7.52060,-4.00786,3.02199,1.74746,1.74
2002-09-01,2.21303,2.58005,2.97804,-5.90479,8.48656,-2.38108,3.29171,1.51600,1.75
2002-10-01,2.25519,2.68695,2.28329,-7.08702,8.84445,-1.38692,3.21034,2.02703,1.75
2002-11-01,3.42341,3.58726,3.22309,-3.96300,9.52564,-0.16867,4.78785,2.25352,1.34
2002-12-01,2.88987,2.76765,1.68137,-2.36998,5.34824,-0.23090,4.64882,2.48027,1.24
2003-01-01,3.02215,2.91827,1.91685,-1.34189,6.57731,0.26045,4.22879,2.75746,1.24
2003-02-01,3.15710,2.82440,2.99066,-0.73812,4.62556,0.54728,3.66756,3.14607,1.26
2003-03-01,2.10274,2.20698,2.12656,0.42371,3.93468,0.34368,2.23146,3.02521,1.25
2003-04-01,0.98313,1.14754,1.41561,-0.01022,1.46853,-0.13639,0.69984,2.17513,1.26
2003-05-01,0.51726,0.66609,0.78785,-1.60298,1.04746,-0.67599,0.15352,1.89415,1.26
2003-06-01,-0.16984,0.15227,-0.05560,-1.40083,0.96609,-0.95452,-0.50555,1.94878,1.22
2003-07-01,0.37874,0.58300,0.87546,-1.15025,2.21717,-0.19892,-0.23182,2.05556,1.01
2003-08-01,0.26814,0.01652,0.70892,-0.25595,1.18400,-0.50263,-0.26035,2.21607,1.03
2003-09-01,0.82152,0.79422,1.40740,2.43918,3.73634,0.57352,0.60121,2.37832,1.01
2003-10-01,1.22358,1.23661,0.90902,4.12235,3.59826,0.74158,1.82618,2.04194,1.01
2003-11-01,1.35519,1.60702,0.82183,0.96731,2.47635,2.04871,1.56376,1.92837,1.00
2003-12-01,1.97211,2.13708,1.90779,0.35250,4.09546,3.00787,2.16466,2.03520,0.98
2004-01-01,1.30562,1.24639,0.97270,0.88090,3.50685,2.91056,1.62865,2.02629,1.00
2004-02-01,1.80711,2.13981,1.09232,-0.32797,4.93631,4.23482,2.14821,1.68845,1.01
2004-03-01,1.68812,2.01538,0.14178,0.12174,3.74386,3.93771,2.65577,1.74008,1.00
2004-04-01,2.72539,3.12350,1.54997,0.10000,4.73826,5.02447,3.36761,2.29258,1.00
2004-05-01,3.52268,3.83098,2.26671,0.31907,3.87771,6.09711,4.40918,2.89776,1.00
2004-06-01,2.59115,2.67664,0.68314,0.00739,0.57991,5.57362,3.49849,3.16767,1.03
2004-07-01,2.81722,3.24545,-0.00075,2.17307,-1.37844,7.15886,3.90759,2.93958,1.26
2004-08-01,3.12446,4.20336,1.24183,0.00906,1.26291,6.61578,3.81435,2.54743,1.43
2004-09-01,2.57535,3.34766,0.35409,-3.41354,-1.81253,5.71158,3.39822,2.53917,1.61
2004-10-01,3.34911,4.18004,2.02193,-2.12379,0.98567,6.76120,3.66471,3.19091,1.76
2004-11-01,2.90362,3.28568,1.19131,0.48467,-1.63283,4.61998,3.76070,3.62162,1.93
2004-12-01,3.65432,4.15165,1.78291,0.45432,-0.53303,5.90914,4.41579,3.34232,2.16
2005-01-01,3.84688,4.89179,1.69860,-0.38274,-2.37925,7.40856,4.22027,2.84487,2.28
2005-02-01,3.95201,4.97936,1.82133,1.99670,-0.00923,7.16055,4.48251,3.05303,2.50
2005-03-01,4.21205,4.50673,2.28263,1.44579,-1.09776,7.28049,4.65752,3.20684,2.63
2005-04-01,4.02494,4.61504,1.66621,2.01741,-2.06046,8.42209,4.07213,3.36179,2.79
2005-05-01,3.35590,4.15577,1.72840,1.41084,-1.26061,8.30985,2.91649,2.86929,3.00
2005-06-01,4.61228,5.05835,4.07897,1.48601,1.56184,8.19052,4.03943,2.54103,3.04
2005-07-01,3.51629,3.77659,3.33609,-0.67395,-0.84961,5.52562,2.96065,3.06716,3.26
2005-08-01,3.76834,3.84645,3.38298,-0.36229,1.25112,7.26298,3.04329,3.64693,3.50
2005-09-01,1.64410,2.69358,3.54655,-7.34073,3.92478,3.71365,-1.25102,4.74183,3.62
2005-10-01,1.97907,3.21892,2.49156,-6.28193,2.70092,8.41359,-0.91338,4.35010,3.78
2005-11-01,2.84816,4.13132,2.54429,-4.37167,2.73736,10.34458,0.52310,3.33855,4.00
2005-12-01,2.54423,3.44488,2.50419,-3.27772,0.54085,8.36984,0.49477,3.33855,4.16
2006-01-01,2.34516,3.59297,1.40706,-0.68291,2.60245,8.53661,0.94082,4.01879,4.29
2006-02-01,1.65454,2.44931,0.27978,-2.52574,-1.42684,7.79485,0.57062,3.63825,4.49
2006-03-01,2.02915,2.92734,1.33560,-2.22905,1.35501,8.75090,0.50420,3.41792,4.59
2006-04-01,2.11922,2.84298,1.62678,-1.70558,2.13017,9.13108,0.90295,3.61384,4.79
2006-05-01,2.04942,2.30321,0.97728,0.12239,1.46312,8.37509,1.35108,3.97727,4.94
2006-06-01,1.94702,2.40078,0.55860,0.67146,1.55526,9.45608,1.26676,4.18172,4.99
2006-07-01,2.20509,2.41017,0.07614,1.51035,-0.17601,10.95433,1.76303,4.10467,5.24
2006-08-01,2.31200,2.59596,0.54470,1.70110,-0.26074,10.48574,2.03454,3.92657,5.25
2006-09-01,4.14394,3.81855,-0.00552,13.02304,-3.88815,14.09165,5.97653,2.01207,5.25
2006-10-01,2.78076,1.88157,-0.09845,10.96048,-6.07971,8.54721,4.47967,1.40633,5.25
2006-11-01,1.63556,1.12862,0.16636,5.03262,-4.22623,7.52070,2.13029,1.96870,5.25
2006-12-01,2.18450,2.50230,-0.00918,5.49340,-0.86900,10.07273,2.38131,2.52398,5.24
2007-01-01,1.65867,1.35459,0.24409,0.53660,-4.57864,6.29126,1.93164,2.07577,5.25
2007-02-01,2.59543,1.96548,1.86452,2.08904,-1.68659,6.69879,2.58948,2.42026,5.26
2007-03-01,2.54484,2.81305,0.50595,1.99262,-2.05355,7.67295,2.96132,2.79820,5.26
2007-04-01,2.92828,3.08902,0.74401,1.45294,-0.14198,7.06357,3.53654,2.59292,5.25
2007-05-01,2.95773,3.26903,0.51243,1.41674,-0.12700,7.06011,3.72117,2.70989,5.25
2007-06-01,2.64025,3.31201,0.16442,0.38119,0.46303,6.18973,3.31300,2.69277,5.25
2007-07-01,2.54630,3.60038,0.71985,-0.08766,3.08508,5.32541,3.24155,2.31789,5.26
2007-08-01,2.30331,2.56470,-0.41874,0.19027,-0.04048,4.60685,3.48839,1.89745,5.02
2007-09-01,2.73944,2.77668,-0.06721,-0.06621,0.32729,6.01432,3.77064,2.83383,4.94
2007-10-01,2.54401,3.06726,-0.84507,-0.83329,1.45866,5.43768,4.08128,3.61070,4.76
2007-11-01,3.14886,3.46497,-1.05449,1.70420,1.23657,5.68822,5.26748,4.37327,4.49
2007-12-01,2.16147,2.15479,-1.83050,0.92137,-1.04086,5.03584,4.26344,4.10881,4.24
2008-01-01,2.40059,2.29996,-1.48008,2.77193,-0.87268,7.35405,4.03474,4.29470,3.94
2008-02-01,1.05147,1.27241,-2.72760,1.90611,-2.60701,6.51062,2.48930,4.14296,2.98
2008-03-01,0.55067,0.02243,-3.35122,2.44061,-5.70752,5.38063,2.26851,3.97490,2.61
2008-04-01,-0.80425,-1.60910,-4.43764,2.65169,-9.50587,2.41436,1.10385,3.90376,2.28
2008-05-01,-1.46939,-2.15843,-4.63771,1.67289,-9.89829,2.61051,-0.07107,4.08841,1.98
2008-06-01,-1.75289,-3.18137,-4.98995,2.96963,-10.39009,1.96408,-0.02960,4.93597,2.00
2008-07-01,-2.04532,-4.17704,-5.27110,5.62961,-11.46168,0.07848,-0.18048,5.49751,2.01
2008-08-01,-3.78114,-5.12591,-6.78190,3.95194,-15.15854,-1.96236,-2.40614,5.30802,2.00
2008-09-01,-8.22540,-8.64162,-7.33908,-7.97858,-14.76638,-11.09288,-8.93714,4.95332,1.81
2008-10-01,-7.03048,-9.07290,-6.24457,0.38282,-16.68623,-13.25541,-6.38593,3.73106,0.97
2008-11-01,-8.76080,-11.79314,-7.00601,1.53205,-20.20743,-12.68543,-8.63826,1.09992,0.39
2008-12-01,-11.39051,-14.89570,-8.65076,-1.17079,-23.94357,-12.69569,-12.08125,-0.02223,0.16
2009-01-01,-13.48820,-17.47969,-10.61088,-1.25453,-30.91650,-17.92555,-13.54259,-0.11359,0.15
2009-02-01,-13.68953,-17.00088,-10.40252,-2.64969,-28.92083,-18.33961,-13.61508,0.00846,0.22
2009-03-01,-14.76765,-18.16671,-9.63431,-5.28098,-27.10768,-20.57301,-15.27430,-0.44648,0.18
2009-04-01,-14.85290,-17.88002,-9.33766,-7.18561,-25.22732,-20.73390,-15.54256,-0.57632,0.15
2009-05-01,-15.16973,-18.21746,-9.98766,-7.26301,-27.64619,-23.12019,-15.40687,-1.01576,0.18
2009-06-01,-15.21756,-17.81900,-10.18796,-8.21662,-28.90982,-23.23950,-15.60502,-1.22917,0.21
2009-07-01,-13.81431,-15.58871,-8.40767,-9.55924,-19.74525,-20.84766,-14.27888,-1.95876,0.16
2009-08-01,-11.45621,-13.53066,-5.87992,-7.05556,-14.94873,-18.43364,-11.52930,-1.48384,0.16
2009-09-01,-6.60075,-9.54956,-4.38632,4.48447,-10.30758,-10.84123,-4.23064,-1.37794,0.15
2009-10-01,-7.32033,-8.90770,-4.41188,-4.35122,-9.44366,-7.90023,-6.72143,-0.22397,0.12
2009-11-01,-5.70749,-5.64558,-4.16979,-6.73228,-4.05618,-9.28914,-4.29678,1.91459,0.12
2009-12-01,-2.63300,-2.50433,-2.27726,-5.78775,-0.03387,-8.58949,-0.24997,2.81412,0.12
2010-01-01,0.92621,1.77178,0.76578,-3.40269,14.09154,-1.80862,2.93983,2.62111,0.11
2010-02-01,1.89156,1.79337,-0.16201,-0.37343,9.73210,-1.75140,4.85146,2.15134,0.13
2010-03-01,4.24048,4.99463,0.77351,2.84440,11.56911,2.18813,7.36986,2.28617,0.16
2010-04-01,5.44397,6.57105,0.25362,4.98636,11.68118,5.53891,8.71758,2.20677,0.20
2010-05-01,7.95563,9.06949,3.48005,5.19575,21.09635,10.45564,10.85308,2.00355,0.20
2010-06-01,8.53703,9.30545,3.70511,5.67200,21.30878,11.96231,11.83717,1.12156,0.18
2010-07-01,7.66713,8.14765,2.99536,5.19578,14.30690,11.61197,10.46406,1.34078,0.18
2010-08-01,6.87252,7.08370,1.82876,5.62772,9.69024,10.47764,9.79499,1.15018,0.19
2010-09-01,6.26124,6.07919,0.57453,7.47287,4.95473,10.28691,9.44607,1.11831,0.19
2010-10-01,5.73458,6.08465,0.33504,8.10540,7.19013,10.17250,8.67980,1.16670,0.19
2010-11-01,5.37851,5.15114,0.39774,7.47463,3.62472,10.34669,7.74181,1.08454,0.19
2010-12-01,6.06434,5.82905,1.65361,9.05124,3.94323,9.37055,8.74950,1.43779,0.18
2011-01-01,4.70817,4.82342,1.00346,6.75396,3.79086,8.63900,6.92211,1.70078,0.17
2011-02-01,3.91030,5.05966,1.64434,2.78393,8.05917,9.33716,4.80296,2.12490,0.16
2011-03-01,4.25226,4.39562,1.53873,5.51952,8.46304,6.97694,6.25913,2.61924,0.14
2011-04-01,3.53347,2.98245,2.21007,5.65038,3.80784,5.03858,5.17352,3.07723,0.10
2011-05-01,2.25831,1.66258,0.48046,6.85186,1.15857,3.97650,3.68091,3.45897,0.09
2011-06-01,2.33506,1.80236,0.67082,7.23790,1.59644,3.53285,3.72949,3.50232,0.09
2011-07-01,2.42903,1.85929,0.67778,6.00040,-0.82215,3.94932,3.66250,3.57988,0.07
2011-08-01,2.70407,2.17258,1.48386,6.31496,3.22762,5.09803,3.47324,3.75500,0.10
2011-09-01,2.33820,2.36518,1.26257,4.33575,3.30850,5.18571,2.61700,3.81262,0.08
2011-10-01,3.33228,2.84436,1.52544,6.73317,4.66641,6.16670,4.14081,3.52227,0.07
2011-11-01,3.24727,2.51353,1.10372,8.83930,4.59753,7.14011,4.41203,3.45143,0.08
2011-12-01,2.76659,2.67359,-0.13078,9.22502,5.58025,7.93720,3.74274,3.06207,0.07
2012-01-01,3.60921,3.49751,-0.27288,10.87245,7.13952,8.75168,5.04081,3.00877,0.08
2012-02-01,4.36721,3.76331,-0.17948,12.83705,3.90395,9.35725,6.18797,2.89818,0.10
2012-03-01,2.75891,2.57367,-2.01988,8.85062,0.86482,10.63933,3.87437,2.58288,0.13
2012-04-01,3.83730,3.62937,-1.11929,8.44230,5.56906,12.42490,5.10556,2.27316,0.14
2012-05-01,3.93208,3.30210,-0.70665,7.64184,3.46178,12.31971,5.30005,1.73794,0.16
2012-06-01,3.64437,3.47090,-0.90836,7.17604,4.09637,13.68381,4.56962,1.65387,0.16
2012-07-01,3.36057,2.64491,-1.51064,9.00758,2.33393,10.86323,5.03422,1.41751,0.16
2012-08-01,2.28818,2.06620,-2.55760,5.79321,0.13767,10.38878,3.61655,1.68593,0.13
2012-09-01,2.31235,1.59532,-2.26673,7.84252,-1.20642,9.48717,3.93235,1.94972,0.14
2012-10-01,1.92498,0.84859,-2.52055,6.97079,-1.95041,7.06405,3.79082,2.15568,0.16
2012-11-01,2.33137,1.67253,-1.13642,6.00039,0.88763,7.27825,3.51925,1.79602,0.16
2012-12-01,2.08721,1.74249,-1.04619,5.15210,2.54169,6.46995,3.22308,1.75950,0.16
2013-01-01,1.46146,0.62315,-0.98547,4.02333,-0.71060,2.92763,2.75730,1.68406,0.14
2013-02-01,1.62487,0.61949,-0.38737,5.01612,2.16851,3.06174,2.81223,2.01814,0.15
2013-03-01,2.57464,1.06106,1.78272,5.61324,4.37901,2.62862,3.55648,1.51875,0.14
2013-04-01,1.74137,0.26505,0.72159,6.20790,3.44092,1.07951,2.92390,1.13881,0.15
2013-05-01,1.61995,0.92498,0.04726,6.22500,4.82150,-0.14958,3.10920,1.39039,0.11
2013-06-01,1.79048,0.85022,0.60990,6.85560,6.01070,-1.54752,3.26916,1.71579,0.09
2013-07-01,1.25656,0.26638,-0.43705,7.02071,3.47194,-2.12985,2.89597,1.88547,0.09
2013-08-01,2.27842,1.27424,0.57074,8.27124,7.68134,-1.38010,4.19155,1.53881,0.08
2013-09-01,2.87930,1.57546,1.17505,8.58425,9.53388,-0.27308,4.67359,1.09473,0.08
2013-10-01,2.43266,1.91443,1.51653,5.02594,8.53425,0.32436,3.42623,0.87680,0.09
2013-11-01,2.29786,1.27583,1.04986,5.60416,8.44736,-1.05405,3.91611,1.23287,0.08
2013-12-01,2.22592,0.37646,1.81784,5.93502,6.12559,-2.65368,3.81324,1.51284,0.09
2014-01-01,1.85009,-0.43370,0.21429,7.12504,3.61422,-0.67293,3.68998,1.55776,0.07
2014-02-01,2.13263,0.08886,0.87615,7.41539,4.77762,-0.15745,3.83537,1.12047,0.07
2014-03-01,2.72244,1.05133,0.96363,9.07522,4.80461,0.47707,4.58147,1.61269,0.08
2014-04-01,2.91355,1.35371,0.86884,10.08911,4.37178,0.96671,4.98480,2.01513,0.09
2014-05-01,3.23198,1.31576,0.85570,10.91759,5.79180,2.05393,5.26875,2.16695,0.09
2014-06-01,3.38161,1.41605,0.53835,11.61243,4.89190,1.69098,5.94076,2.05898,0.10
2014-07-01,3.94009,2.67737,1.67026,10.87392,10.36109,4.80526,5.74046,1.97424,0.09
2014-08-01,3.15862,1.20589,0.59437,11.79589,4.17201,2.39347,5.33541,1.71510,0.09
2014-09-01,2.92009,1.11188,0.71813,10.51257,3.47567,1.08821,4.98185,1.68405,0.09
2014-10-01,3.06035,0.87004,0.02103,12.73465,2.85723,2.64094,5.33232,1.60954,0.09
2014-11-01,3.43417,1.56129,1.95869,11.12076,4.90861,4.11095,4.65322,1.23152,0.09
2014-12-01,3.22902,1.53213,0.89254,13.40105,4.41742,3.82413,4.84130,0.65312,0.12
2015-01-01,2.80268,2.03011,2.67075,9.10209,7.34564,3.01483,3.32780,-0.22993,0.11
2015-02-01,1.37920,0.32552,1.08489,4.27030,1.20457,0.90140,2.23591,-0.08703,0.11
2015-03-01,0.04266,-0.17961,1.55087,0.41368,3.22351,-0.17626,0.17447,-0.02203,0.11
2015-04-01,-0.59100,-0.18015,1.07212,-2.83174,5.03479,-0.76087,-0.70827,-0.10403,0.12
2015-05-01,-1.43947,-0.44565,1.03882,-6.16014,5.36921,-1.06824,-2.00942,0.03503,0.12
2015-06-01,-2.06537,-1.12169,0.93173,-8.09516,2.16582,-1.19914,-3.14206,0.17957,0.13
2015-07-01,-1.65970,-0.81474,2.32603,-7.59721,4.56140,-2.63512,-2.73737,0.22569,0.13
2015-08-01,-1.67170,-0.56690,2.93517,-7.94457,5.01542,-2.15914,-3.40686,0.24130,0.14
2015-09-01,-2.24273,-0.83457,2.13489,-9.79764,4.78458,-2.68831,-3.77392,0.00884,0.14
2015-10-01,-2.72414,-0.85738,2.06181,-11.72281,5.14792,-4.59223,-4.47424,0.12762,0.12
2015-11-01,-4.01669,-1.75196,-0.16383,-13.04664,1.03284,-7.03600,-5.50769,0.43632,0.12
2015-12-01,-4.50513,-1.82640,-0.48584,-15.79180,1.56937,-6.97771,-6.29272,0.63872,0.24
2016-01-01,-3.26211,-0.88024,0.76104,-15.42131,3.09244,-6.37833,-4.81972,1.23750,0.34
2016-02-01,-3.14618,-0.47735,0.98774,-14.17379,5.37606,-6.21260,-4.96846,0.84728,0.38
2016-03-01,-3.55979,-0.91922,-1.01329,-14.87160,1.89229,-6.81804,-4.88031,0.89162,0.36
2016-04-01,-2.71473,-1.02921,0.92409,-15.53020,2.33180,-6.24967,-4.43684,1.17263,0.37
2016-05-01,-2.49346,-1.11927,0.67363,-13.50955,-1.28282,-6.69889,-3.84412,1.07848,0.37
2016-06-01,-1.71941,-0.52261,1.71144,-12.97125,3.48007,-6.09976,-2.93849,1.07929,0.38
2016-07-01,-2.21992,-1.20411,0.03550,-13.47558,-1.14333,-5.83125,-3.27373,0.86836,0.39
2016-08-01,-2.15406,-1.25787,0.15372,-14.19933,0.77233,-5.77235,-2.94390,1.05532,0.40
2016-09-01,-1.96536,-0.78797,0.30457,-12.75264,1.62347,-5.20902,-3.02292,1.54864,0.40
2016-10-01,-1.43036,-0.52004,0.21861,-8.52998,2.29365,-3.92210,-1.96746,1.68592,0.40
2016-11-01,-1.09849,-0.34499,-0.54902,-7.05387,1.54082,-2.47323,-1.17673,1.68433,0.41
2016-12-01,0.09449,-0.03467,1.59610,-6.51913,1.82044,-0.26269,-0.42380,2.05080,0.54
2017-01-01,-0.62682,-0.23418,-1.03042,-2.29981,0.89925,-0.16992,-0.52120,2.51039,0.65
2017-02-01,-0.49291,0.00372,-2.28310,2.05575,0.82495,0.33985,0.20908,2.81036,0.66
2017-03-01,0.90227,-0.26276,-0.84938,5.93336,-0.22219,1.71455,1.82587,2.44120,0.79
2017-04-01,1.58828,0.99541,-1.02421,9.75143,0.98679,4.92390,2.52078,2.17622,0.90
2017-05-01,1.90637,0.89989,-0.23063,10.77248,1.16696,5.05014,2.63749,1.85634,0.91
2017-06-01,1.62613,0.72339,-1.58678,12.40860,-1.49345,5.00050,2.80228,1.64057,1.04
2017-07-01,1.25580,0.27732,-1.76464,11.73442,-4.41806,4.61378,2.36689,1.72511,1.15
2017-08-01,0.90093,0.42379,-2.16405,11.38797,-3.18341,5.21725,1.74176,1.92812,1.16
2017-09-01,1.10790,0.26592,-2.07192,12.39692,-2.34738,7.29380,1.66052,2.18057,1.15
2017-10-01,2.29489,1.19708,-0.77032,10.96924,-2.19324,7.92940,3.15522,2.02076,1.15
2017-11-01,2.95391,1.33869,-0.17160,13.45892,-1.54707,8.45122,4.07744,2.17249,1.16
2017-12-01,2.47020,1.09257,-1.28647,13.69989,-1.31801,7.15472,3.86247,2.12993,1.30
2018-01-01,2.70139,0.58737,0.41869,10.76996,-1.26497,7.67469,3.47305,2.15132,1.41
2018-02-01,3.34869,1.55258,1.14431,11.20833,1.04554,8.18835,3.85953,2.26347,1.42
2018-03-01,3.17529,1.83426,0.68480,11.68046,3.74826,7.41015,3.97361,2.33095,1.51
2018-04-01,3.31212,1.38887,1.58405,11.62946,1.59929,5.30487,4.07941,2.47100,1.69
2018-05-01,2.25012,0.69504,-1.57300,11.18801,-1.12593,3.33211,4.12156,2.78192,1.70
2018-06-01,2.87890,1.31752,-0.02941,12.15495,2.51548,4.70754,4.15857,2.80755,1.82
2018-07-01,3.26677,1.76630,0.23715,13.54825,3.30009,4.22430,4.96395,2.85412,1.91
2018-08-01,4.44254,2.25865,1.27904,17.37474,4.79840,4.11862,6.71453,2.64292,1.91
2018-09-01,4.36660,2.24034,1.38467,16.46184,4.78821,2.01312,7.12162,2.33206,1.95
2018-10-01,2.91160,0.67966,0.54244,14.75250,2.82398,0.05466,5.00328,2.49203,2.19
2018-11-01,2.72920,0.34985,1.30702,13.55072,3.73365,-1.68725,4.83244,2.14733,2.20
2018-12-01,2.52052,0.89281,0.79650,15.33656,5.38498,-2.24701,4.75191,2.00238,2.27
2019-01-01,1.84717,0.29342,-0.47648,15.11218,-0.34140,-4.15289,4.28571,1.48759,2.40
2019-02-01,1.07459,-1.06883,0.46606,10.49648,-0.80435,-5.51350,3.14934,1.51886,2.40
2019-03-01,0.62802,-1.22342,0.72618,9.09638,-2.69110,-5.87944,2.11014,1.88319,2.41
2019-04-01,-1.04523,-2.53723,-2.39645,10.08041,-3.47268,-8.88532,1.47469,2.00058,2.42
2019-05-01,0.03575,-1.64348,0.72959,9.55403,1.66209,-7.34804,1.51051,1.79591,2.39
2019-06-01,-0.66175,-1.84917,0.41677,8.05072,0.17972,-8.32838,0.45964,1.67119,2.38
2019-07-01,-1.30655,-2.60928,0.07118,4.68552,0.38857,-9.05711,-0.52890,1.82633,2.40
2019-08-01,-1.22729,-2.18843,-0.35200,4.52593,-0.54632,-8.22505,-0.31677,1.73764,2.13
2019-09-01,-1.57890,-2.93694,-1.11360,4.49640,-3.68797,-9.12348,-0.36127,1.68450,2.04
2019-10-01,-2.25335,-3.32848,-1.58099,3.87959,-6.24110,-8.75435,-1.39536,1.73397,1.83
2019-11-01,-1.79132,-2.24322,-0.34706,1.36139,-0.06270,-5.80882,-1.96458,2.09229,1.55
2019-12-01,-2.02124,-2.43857,-1.01596,0.13579,-3.79602,-5.07464,-2.29890,2.31953,1.55